,disease,year,number_of_publications,sum_of_publications,yearXnumberPub,sum_yearXnumberPub,average_weighted_year
0,Q131755,"['1948', '1950', '1951', '1952', '1956', '1959', '1961', '1962', '1963', '1964', '1967', '1968', '1969', '1970', '1971', '1972', '1973', '1974', '1975', '1976', '1977', '1978', '1979', '1980', '1981', '1982', '1983', '1984', '1985', '1986', '1987', '1988', '1989', '1990', '1991', '1992', '1993', '1994', '1995', '1996', '1997', '1998', '1999', '2000', '2001', '2002', '2003', '2004', '2005', '2006', '2007', '2008', '2009', '2010', '2011', '2012', '2013', '2014', '2015', '2016', '2017', '2018', '2019', '2020', '2021', '2022']","[1, 2, 1, 1, 2, 1, 1, 1, 1, 1, 1, 2, 1, 3, 3, 2, 1, 5, 1, 1, 2, 4, 4, 5, 4, 6, 16, 17, 18, 11, 8, 22, 18, 31, 29, 32, 44, 35, 79, 80, 135, 107, 189, 211, 221, 242, 323, 397, 535, 619, 610, 675, 687, 749, 727, 821, 859, 937, 887, 932, 930, 901, 893, 945, 11, 2]",15042,"[1948, 3900, 1951, 1952, 3912, 1959, 1961, 1962, 1963, 1964, 1967, 3936, 1969, 5910, 5913, 3944, 1973, 9870, 1975, 1976, 3954, 7912, 7916, 9900, 7924, 11892, 31728, 33728, 35730, 21846, 15896, 43736, 35802, 61690, 57739, 63744, 87692, 69790, 157605, 159680, 269595, 213786, 377811, 422000, 442221, 484484, 646969, 795588, 1072675, 1241714, 1224270, 1355400, 1380183, 1505490, 1461997, 1651852, 1729167, 1887118, 1787305, 1878912, 1875810, 1818218, 1802967, 1908900, 22231, 4044]",30249516,2011.0035899481452
1,Q12174,"['1863', '1865', '1870', '1880', '1885', '1888', '1890', '1891', '1892', '1894', '1896', '1900', '1908', '1913', '1921', '1922', '1923', '1924', '1927', '1928', '1929', '1930', '1931', '1932', '1933', '1934', '1935', '1936', '1937', '1939', '1943', '1945', '1946', '1947', '1948', '1949', '1950', '1951', '1952', '1953', '1954', '1955', '1956', '1957', '1958', '1959', '1960', '1961', '1962', '1963', '1964', '1965', '1966', '1967', '1968', '1969', '1970', '1971', '1972', '1973', '1974', '1975', '1976', '1977', '1978', '1979', '1980', '1981', '1982', '1983', '1984', '1985', '1986', '1987', '1988', '1989', '1990', '1991', '1992', '1993', '1994', '1995', '1996', '1997', '1998', '1999', '2000', '2001', '2002', '2003', '2004', '2005', '2006', '2007', '2008', '2009', '2010', '2011', '2012', '2013', '2014', '2015', '2016', '2017', '2018', '2019', '2020', '2021', '2022']","[1, 0, 0, 1, 1, 0, 2, 2, 2, 1, 1, 0, 1, 0, 1, 2, 1, 1, 3, 3, 1, 1, 2, 3, 1, 2, 2, 2, 1, 1, 1, 1, 8, 2, 4, 4, 6, 5, 6, 9, 10, 13, 12, 11, 16, 18, 13, 20, 25, 28, 42, 53, 68, 77, 121, 101, 109, 126, 137, 182, 224, 204, 232, 266, 238, 299, 174, 209, 244, 220, 258, 310, 298, 311, 314, 321, 393, 446, 412, 426, 402, 487, 517, 618, 696, 726, 836, 1163, 1323, 1495, 1818, 2168, 2366, 2787, 3466, 3736, 4025, 4387, 4744, 6185, 5548, 5461, 5717, 4812, 3586, 990, 774, 45, 30]",77974,"[1863, 0, 0, 1880, 1885, 0, 3780, 3782, 3784, 1894, 1896, 0, 1908, 0, 1921, 3844, 1923, 1924, 5781, 5784, 1929, 1930, 3862, 5796, 1933, 3868, 3870, 3872, 1937, 1939, 1943, 1945, 15568, 3894, 7792, 7796, 11700, 9755, 11712, 17577, 19540, 25415, 23472, 21527, 31328, 35262, 25480, 39220, 49050, 54964, 82488, 104145, 133688, 151459, 238128, 198869, 214730, 248346, 270164, 359086, 442176, 402900, 458432, 525882, 470764, 591721, 344520, 414029, 483608, 436260, 511872, 615350, 591828, 617957, 624232, 638469, 782070, 887986, 820704, 849018, 801588, 971565, 1031932, 1234146, 1390608, 1451274, 1672000, 2327163, 2648646, 2994485, 3643272, 4346840, 4746196, 5593509, 6959728, 7505624, 8090250, 8822257, 9544928, 12450405, 11173672, 11003915, 11525472, 9705804, 7236548, 1998810, 1563480, 90945, 60660]",156586328,2008.1864211147306
2,Q4340209,"['1621', '1672', '1816', '1829', '1841', '1856', '1863', '1865', '1866', '1867', '1870', '1875', '1877', '1887', '1888', '1891', '1892', '1894', '1896', '1900', '1901', '1905', '1906', '1909', '1911', '1913', '1917', '1934', '1935', '1946', '1947', '1948', '1949', '1950', '1951', '1952', '1953', '1954', '1955', '1956', '1957', '1958', '1959', '1960', '1961', '1962', '1963', '1964', '1965', '1966', '1967', '1968', '1969', '1970', '1971', '1972', '1973', '1974', '1975', '1976', '1977', '1978', '1979', '1980', '1981', '1982', '1983', '1984', '1985', '1986', '1987', '1988', '1989', '1990', '1991', '1992', '1993', '1994', '1995', '1996', '1997', '1998', '1999', '2000', '2001', '2002', '2003', '2004', '2005', '2006', '2007', '2008', '2009', '2010', '2011', '2012', '2013', '2014', '2015', '2016', '2017', '2018', '2019', '2020', '2021', '2022']","[1, 0, 1, 1, 1, 1, 1, 0, 1, 1, 0, 1, 1, 1, 0, 2, 1, 1, 1, 1, 1, 2, 2, 2, 1, 2, 1, 1, 2, 4, 8, 2, 2, 5, 3, 5, 4, 6, 8, 14, 15, 9, 10, 14, 16, 17, 20, 9, 13, 25, 24, 18, 11, 17, 14, 26, 14, 19, 24, 25, 14, 41, 31, 68, 65, 62, 85, 79, 68, 86, 100, 111, 116, 128, 143, 111, 121, 125, 129, 125, 147, 163, 157, 177, 206, 226, 238, 294, 303, 436, 442, 481, 543, 586, 579, 668, 730, 836, 925, 950, 902, 1176, 1353, 1446, 22, 7]",16233,"[1621, 0, 1816, 1829, 1841, 1856, 1863, 0, 1866, 1867, 0, 1875, 1877, 1887, 0, 3782, 1892, 1894, 1896, 1900, 1901, 3810, 3812, 3818, 1911, 3826, 1917, 1934, 3870, 7784, 15576, 3896, 3898, 9750, 5853, 9760, 7812, 11724, 15640, 27384, 29355, 17622, 19590, 27440, 31376, 33354, 39260, 17676, 25545, 49150, 47208, 35424, 21659, 33490, 27594, 51272, 27622, 37506, 47400, 49400, 27678, 81098, 61349, 134640, 128765, 122884, 168555, 156736, 134980, 170796, 198700, 220668, 230724, 254720, 284713, 221112, 241153, 249250, 257355, 249500, 293559, 325674, 313843, 354000, 412206, 452452, 476714, 589176, 607515, 874616, 887094, 965848, 1090887, 1177860, 1164369, 1344016, 1469490, 1683704, 1863875, 1915200, 1819334, 2373168, 2731707, 2920920, 44462, 14154]",32607600,2008.7229717242653
3,Q11081,"['1913', '1936', '1939', '1940', '1941', '1947', '1948', '1950', '1953', '1954', '1955', '1956', '1957', '1958', '1959', '1960', '1961', '1962', '1963', '1964', '1965', '1966', '1967', '1968', '1969', '1970', '1971', '1972', '1973', '1974', '1975', '1976', '1977', '1978', '1979', '1980', '1981', '1982', '1983', '1984', '1985', '1986', '1987', '1988', '1989', '1990', '1991', '1992', '1993', '1994', '1995', '1996', '1997', '1998', '1999', '2000', '2001', '2002', '2003', '2004', '2005', '2006', '2007', '2008', '2009', '2010', '2011', '2012', '2013', '2014', '2015', '2016', '2017', '2018', '2019', '2020', '2021', '2022']","[1, 1, 1, 1, 1, 1, 1, 2, 4, 3, 4, 1, 2, 2, 1, 2, 2, 1, 6, 4, 2, 6, 2, 6, 3, 12, 14, 8, 15, 7, 11, 18, 14, 17, 33, 17, 32, 72, 103, 124, 222, 343, 345, 415, 522, 584, 678, 714, 667, 804, 675, 954, 1017, 1069, 969, 982, 1239, 1345, 1303, 1470, 1525, 1663, 1483, 1777, 1998, 2269, 2200, 2596, 2999, 3063, 3236, 3311, 3367, 2334, 2484, 1728, 24, 2]",54933,"[1913, 1936, 1939, 1940, 1941, 1947, 1948, 3900, 7812, 5862, 7820, 1956, 3914, 3916, 1959, 3920, 3922, 1962, 11778, 7856, 3930, 11796, 3934, 11808, 5907, 23640, 27594, 15776, 29595, 13818, 21725, 35568, 27678, 33626, 65307, 33660, 63392, 142704, 204249, 246016, 440670, 681198, 685515, 825020, 1038258, 1162160, 1349898, 1422288, 1329331, 1603176, 1346625, 1904184, 2030949, 2135862, 1937031, 1964000, 2479239, 2692690, 2609909, 2945880, 3057625, 3335978, 2976381, 3568216, 4013982, 4560690, 4424200, 5223152, 6036987, 6168882, 6520540, 6674976, 6791239, 4710012, 5015196, 3490560, 48504, 4044]",110306911,2008.0263411792548
4,Q520127,"['1899', '1900', '1913', '1924', '1928', '1945', '1947', '1948', '1949', '1950', '1951', '1952', '1953', '1954', '1955', '1957', '1960', '1962', '1963', '1964', '1965', '1966', '1967', '1968', '1969', '1970', '1971', '1972', '1973', '1974', '1975', '1976', '1977', '1978', '1979', '1980', '1981', '1982', '1983', '1984', '1985', '1986', '1987', '1988', '1989', '1990', '1991', '1992', '1993', '1994', '1995', '1996', '1997', '1998', '1999', '2000', '2001', '2002', '2003', '2004', '2005', '2006', '2007', '2008', '2009', '2010', '2011', '2012', '2013', '2014', '2015', '2016', '2017', '2018', '2019', '2020', '2021']","[1, 0, 0, 1, 1, 2, 5, 1, 6, 4, 1, 4, 11, 11, 8, 1, 1, 3, 1, 2, 16, 27, 20, 18, 27, 29, 26, 20, 16, 29, 31, 30, 44, 47, 38, 40, 67, 65, 81, 114, 117, 138, 135, 126, 126, 155, 135, 105, 121, 136, 122, 142, 142, 149, 140, 168, 170, 147, 194, 209, 235, 245, 268, 320, 325, 436, 410, 511, 588, 571, 650, 636, 682, 659, 744, 841, 18]",11865,"[1899, 0, 0, 1924, 1928, 3890, 9735, 1948, 11694, 7800, 1951, 7808, 21483, 21494, 15640, 1957, 1960, 5886, 1963, 3928, 31440, 53082, 39340, 35424, 53163, 57130, 51246, 39440, 31568, 57246, 61225, 59280, 86988, 92966, 75202, 79200, 132727, 128830, 160623, 226176, 232245, 274068, 268245, 250488, 250614, 308450, 268785, 209160, 241153, 271184, 243390, 283432, 283574, 297702, 279860, 336000, 340170, 294294, 388582, 418836, 471175, 491470, 537876, 642560, 652925, 876360, 824510, 1028132, 1183644, 1149994, 1309750, 1282176, 1375594, 1329862, 1502136, 1698820, 36378]",23810778,2006.8080910240203
5,Q35869,"['1796', '1799', '1800', '1810', '1811', '1816', '1819', '1826', '1828', '1830', '1831', '1834', '1835', '1842', '1843', '1847', '1854', '1856', '1857', '1858', '1859', '1860', '1862', '1863', '1865', '1867', '1869', '1870', '1871', '1872', '1873', '1874', '1876', '1877', '1878', '1880', '1882', '1883', '1884', '1885', '1886', '1887', '1888', '1889', '1890', '1892', '1893', '1897', '1898', '1899', '1900', '1901', '1902', '1903', '1904', '1905', '1906', '1907', '1908', '1909', '1910', '1911', '1912', '1913', '1914', '1916', '1917', '1918', '1919', '1920', '1921', '1922', '1923', '1924', '1925', '1926', '1927', '1928', '1929', '1930', '1931', '1932', '1933', '1934', '1935', '1936', '1937', '1938', '1939', '1940', '1941', '1942', '1943', '1944', '1945', '1946', '1947', '1948', '1949', '1950', '1951', '1952', '1953', '1954', '1955', '1956', '1957', '1958', '1959', '1960', '1961', '1962', '1963', '1964', '1965', '1966', '1967', '1968', '1969', '1970', '1971', '1972', '1973', '1974', '1975', '1976', '1977', '1978', '1979', '1980', '1981', '1982', '1983', '1984', '1985', '1986', '1987', '1988', '1989', '1990', '1991', '1992', '1993', '1994', '1995', '1996', '1997', '1998', '1999', '2000', '2001', '2002', '2003', '2004', '2005', '2006', '2007', '2008', '2009', '2010', '2011', '2012', '2013', '2014', '2015', '2016', '2017', '2018', '2019', '2020', '2021', '2022']","[1, 1, 1, 1, 2, 2, 1, 1, 2, 1, 2, 1, 1, 1, 1, 2, 1, 0, 1, 2, 11, 8, 1, 1, 1, 1, 1, 0, 2, 1, 3, 2, 1, 2, 1, 3, 1, 1, 2, 4, 4, 1, 7, 2, 7, 3, 3, 1, 1, 8, 1, 2, 3, 1, 1, 12, 1, 2, 3, 7, 4, 25, 8, 4, 1, 1, 18, 4, 4, 3, 12, 9, 9, 5, 4, 6, 14, 10, 42, 14, 9, 9, 19, 16, 19, 13, 4, 14, 8, 9, 2, 1, 9, 3, 20, 65, 75, 72, 71, 184, 268, 294, 271, 268, 252, 239, 270, 209, 183, 192, 253, 247, 311, 367, 315, 427, 383, 437, 483, 479, 561, 449, 461, 465, 516, 589, 583, 599, 525, 651, 691, 749, 869, 847, 890, 997, 1065, 996, 1097, 1207, 1115, 1240, 1318, 1283, 1390, 1478, 1502, 1650, 1875, 1968, 2033, 2021, 2120, 2059, 2235, 2413, 2230, 2226, 2279, 2295, 2332, 2462, 2563, 2502, 2348, 2476, 2197, 2349, 2175, 1129, 25, 13]",81217,"[1796, 1799, 1800, 1810, 3622, 3632, 1819, 1826, 3656, 1830, 3662, 1834, 1835, 1842, 1843, 3694, 1854, 0, 1857, 3716, 20449, 14880, 1862, 1863, 1865, 1867, 1869, 0, 3742, 1872, 5619, 3748, 1876, 3754, 1878, 5640, 1882, 1883, 3768, 7540, 7544, 1887, 13216, 3778, 13230, 5676, 5679, 1897, 1898, 15192, 1900, 3802, 5706, 1903, 1904, 22860, 1906, 3814, 5724, 13363, 7640, 47775, 15296, 7652, 1914, 1916, 34506, 7672, 7676, 5760, 23052, 17298, 17307, 9620, 7700, 11556, 26978, 19280, 81018, 27020, 17379, 17388, 36727, 30944, 36765, 25168, 7748, 27132, 15512, 17460, 3882, 1942, 17487, 5832, 38900, 126490, 146025, 140256, 138379, 358800, 522868, 573888, 529263, 523672, 492660, 467484, 528390, 409222, 358497, 376320, 496133, 484614, 610493, 720788, 618975, 839482, 753361, 860016, 951027, 943630, 1105731, 885428, 909553, 917910, 1019100, 1163864, 1152591, 1184822, 1038975, 1288980, 1368871, 1484518, 1723227, 1680448, 1766650, 1980042, 2116155, 1980048, 2181933, 2401930, 2219965, 2470080, 2626774, 2558302, 2773050, 2950088, 2999494, 3296700, 3748125, 3936000, 4068033, 4046042, 4246360, 4126236, 4481175, 4840478, 4475610, 4469808, 4578511, 4612950, 4689652, 4953544, 5159319, 5039028, 4731220, 4991616, 4431349, 4740282, 4391325, 2280580, 50525, 26286]",162275381,1998.0469729243878
6,Q55950055,"['1972', '1975', '1977', '1978', '1979', '1980', '1981', '1982', '1983', '1984', '1985', '1986', '1987', '1988', '1989', '1990', '1991', '1992', '1993', '1994', '1995', '1996', '1997', '1998', '1999', '2000', '2001', '2002', '2003', '2004', '2005', '2006', '2007', '2008', '2009', '2010', '2011', '2012', '2013', '2014', '2015', '2016', '2017', '2018', '2019', '2020']","[1, 1, 1, 4, 3, 4, 16, 9, 11, 7, 5, 10, 10, 7, 16, 11, 8, 8, 14, 9, 7, 7, 9, 5, 9, 8, 7, 8, 14, 8, 12, 17, 12, 26, 24, 23, 19, 17, 22, 21, 27, 24, 22, 34, 22, 34]",593,"[1972, 1975, 1977, 7912, 5937, 7920, 31696, 17838, 21813, 13888, 9925, 19860, 19870, 13916, 31824, 21890, 15928, 15936, 27902, 17946, 13965, 13972, 17973, 9990, 17991, 16000, 14007, 16016, 28042, 16032, 24060, 34102, 24084, 52208, 48216, 46230, 38209, 34204, 44286, 42294, 54405, 48384, 44374, 68612, 44418, 68680]",1188679,2004.5177065767284
7,Q42844,"['1621', '1672', '1816', '1829', '1856', '1863', '1865', '1866', '1867', '1870', '1875', '1877', '1887', '1888', '1891', '1892', '1894', '1896', '1900', '1901', '1905', '1906', '1909', '1911', '1913', '1917', '1934', '1935', '1946', '1947', '1948', '1949', '1950', '1951', '1952', '1953', '1954', '1955', '1956', '1957', '1958', '1959', '1960', '1961', '1962', '1963', '1964', '1965', '1966', '1967', '1968', '1969', '1970', '1971', '1972', '1973', '1974', '1975', '1976', '1977', '1978', '1979', '1980', '1981', '1982', '1983', '1984', '1985', '1986', '1987', '1988', '1989', '1990', '1991', '1992', '1993', '1994', '1995', '1996', '1997', '1998', '1999', '2000', '2001', '2002', '2003', '2004', '2005', '2006', '2007', '2008', '2009', '2010', '2011', '2012', '2013', '2014', '2015', '2016', '2017', '2018', '2019', '2020', '2021', '2022']","[1, 0, 1, 1, 1, 1, 0, 1, 1, 0, 1, 1, 1, 0, 1, 1, 1, 1, 1, 1, 2, 2, 2, 1, 2, 1, 1, 2, 2, 7, 2, 1, 4, 3, 5, 4, 4, 7, 13, 15, 8, 9, 12, 13, 15, 15, 8, 12, 19, 22, 16, 10, 12, 13, 18, 14, 15, 19, 18, 11, 36, 27, 58, 58, 60, 80, 69, 56, 67, 75, 81, 85, 83, 93, 66, 87, 72, 82, 86, 103, 105, 110, 146, 152, 188, 199, 258, 248, 378, 389, 421, 486, 528, 515, 603, 637, 709, 807, 829, 764, 1069, 1244, 1367, 19, 6]",13976,"[1621, 0, 1816, 1829, 1856, 1863, 0, 1866, 1867, 0, 1875, 1877, 1887, 0, 1891, 1892, 1894, 1896, 1900, 1901, 3810, 3812, 3818, 1911, 3826, 1917, 1934, 3870, 3892, 13629, 3896, 1949, 7800, 5853, 9760, 7812, 7816, 13685, 25428, 29355, 15664, 17631, 23520, 25493, 29430, 29445, 15712, 23580, 37354, 43274, 31488, 19690, 23640, 25623, 35496, 27622, 29610, 37525, 35568, 21747, 71208, 53433, 114840, 114898, 118920, 158640, 136896, 111160, 133062, 149025, 161028, 169065, 165170, 185163, 131472, 173391, 143568, 163590, 171656, 205691, 209790, 219890, 292000, 304152, 376376, 398597, 517032, 497240, 758268, 780723, 845368, 976374, 1061280, 1035665, 1213236, 1282281, 1427926, 1626105, 1671264, 1540988, 2157242, 2511636, 2761340, 38399, 12132]",28081796,2009.287063537493
8,Q206901,"['1873', '1881', '1884', '1885', '1887', '1888', '1894', '1895', '1897', '1900', '1901', '1903', '1907', '1908', '1911', '1913', '1916', '1917', '1924', '1926', '1928', '1929', '1930', '1931', '1933', '1934', '1935', '1937', '1938', '1943', '1945', '1946', '1947', '1948', '1949', '1950', '1951', '1952', '1953', '1954', '1955', '1956', '1957', '1958', '1959', '1960', '1961', '1962', '1963', '1964', '1965', '1966', '1967', '1968', '1969', '1970', '1971', '1972', '1973', '1974', '1975', '1976', '1977', '1978', '1979', '1980', '1981', '1982', '1983', '1984', '1985', '1986', '1987', '1988', '1989', '1990', '1991', '1992', '1993', '1994', '1995', '1996', '1997', '1998', '1999', '2000', '2001', '2002', '2003', '2004', '2005', '2006', '2007', '2008', '2009', '2010', '2011', '2012', '2013', '2014', '2015', '2016', '2017', '2018', '2019', '2020', '2021', '2022']","[1, 1, 2, 1, 1, 1, 1, 1, 1, 0, 1, 1, 1, 1, 1, 1, 1, 2, 3, 2, 5, 2, 1, 2, 2, 1, 1, 1, 5, 2, 1, 4, 2, 5, 6, 16, 14, 14, 17, 14, 21, 15, 22, 14, 23, 12, 13, 12, 19, 17, 21, 24, 31, 28, 39, 54, 62, 39, 49, 45, 33, 58, 51, 58, 63, 57, 56, 73, 76, 72, 53, 79, 139, 77, 107, 94, 133, 107, 178, 165, 231, 240, 203, 233, 291, 307, 310, 261, 305, 339, 358, 474, 507, 496, 568, 674, 716, 798, 840, 851, 933, 965, 1008, 1015, 1030, 890, 21, 1]",17293,"[1873, 1881, 3768, 1885, 1887, 1888, 1894, 1895, 1897, 0, 1901, 1903, 1907, 1908, 1911, 1913, 1916, 3834, 5772, 3852, 9640, 3858, 1930, 3862, 3866, 1934, 1935, 1937, 9690, 3886, 1945, 7784, 3894, 9740, 11694, 31200, 27314, 27328, 33201, 27356, 41055, 29340, 43054, 27412, 45057, 23520, 25493, 23544, 37297, 33388, 41265, 47184, 60977, 55104, 76791, 106380, 122202, 76908, 96677, 88830, 65175, 114608, 100827, 114724, 124677, 112860, 110936, 144686, 150708, 142848, 105205, 156894, 276193, 153076, 212823, 187060, 264803, 213144, 354754, 329010, 460845, 479040, 405391, 465534, 581709, 614000, 620310, 522522, 610915, 679356, 717790, 950844, 1017549, 995968, 1141112, 1354740, 1439876, 1605576, 1690920, 1713914, 1879995, 1945440, 2033136, 2048270, 2079570, 1797800, 42441, 2022]",34702753,2006.7514601283756
9,Q844935,"['1914', '1924', '1925', '1926', '1927', '1928', '1929', '1930', '1931', '1932', '1933', '1934', '1935', '1936', '1938', '1939', '1940', '1941', '1942', '1943', '1945', '1946', '1947', '1948', '1949', '1950', '1951', '1952', '1953', '1954', '1955', '1956', '1957', '1958', '1959', '1960', '1961', '1962', '1963', '1964', '1965', '1966', '1967', '1968', '1969', '1970', '1971', '1972', '1973', '1974', '1975', '1976', '1977', '1978', '1979', '1980', '1981', '1982', '1983', '1984', '1985', '1986', '1987', '1988', '1989', '1990', '1991', '1992', '1993', '1994', '1995', '1996', '1997', '1998', '1999', '2000', '2001', '2002', '2003', '2004', '2005', '2006', '2007', '2008', '2009', '2010', '2011', '2012', '2013', '2014', '2015', '2016', '2017', '2018', '2019', '2020', '2021', '2022']","[1, 1, 1, 1, 4, 3, 1, 4, 5, 4, 9, 3, 2, 5, 4, 3, 2, 2, 2, 2, 13, 63, 68, 111, 76, 124, 146, 166, 141, 185, 176, 210, 235, 227, 210, 204, 211, 256, 295, 319, 343, 375, 476, 536, 582, 545, 665, 766, 826, 850, 986, 1035, 1029, 1040, 965, 1240, 1388, 1479, 1516, 1672, 1724, 1827, 2149, 2163, 2152, 2264, 2256, 2187, 2279, 2175, 2410, 2375, 2558, 2673, 2932, 3326, 3517, 3541, 3782, 4191, 4540, 4462, 4802, 4795, 4994, 5324, 5397, 5570, 5884, 6032, 5692, 5586, 4880, 5286, 5026, 4950, 102, 2]",157614,"[1914, 1924, 1925, 1926, 7708, 5784, 1929, 7720, 9655, 7728, 17397, 5802, 3870, 9680, 7752, 5817, 3880, 3882, 3884, 3886, 25285, 122598, 132396, 216228, 148124, 241800, 284846, 324032, 275373, 361490, 344080, 410760, 459895, 444466, 411390, 399840, 413771, 502272, 579085, 626516, 673995, 737250, 936292, 1054848, 1145958, 1073650, 1310715, 1510552, 1629698, 1677900, 1947350, 2045160, 2034333, 2057120, 1909735, 2455200, 2749628, 2931378, 3006228, 3317248, 3422140, 3628422, 4270063, 4300044, 4280328, 4505360, 4491696, 4356504, 4542047, 4336950, 4807950, 4740500, 5108326, 5340654, 5861068, 6652000, 7037517, 7089082, 7575346, 8398764, 9102700, 8950772, 9637614, 9628360, 10032946, 10701240, 10853367, 11206840, 11844492, 12148448, 11469380, 11261376, 9842960, 10667148, 10147494, 9999000, 206142, 4044]",315491632,2001.6726432931084
10,Q9051491,"['1969', '1970', '1971', '1972', '1973', '1974', '1975', '1976', '1977', '1978', '1979', '1980', '1981', '1982', '1983', '1984', '1985', '1986', '1987', '1988', '1989', '1990', '1991', '1992', '1993', '1994', '1995', '1996', '1997', '1998', '1999', '2000', '2001', '2002', '2003', '2004', '2005', '2006', '2007', '2008', '2009', '2010', '2011', '2012', '2013', '2014', '2015', '2016', '2017', '2018', '2019', '2020', '2021']","[1, 1, 2, 1, 2, 16, 9, 17, 17, 16, 26, 32, 36, 43, 25, 44, 30, 30, 29, 19, 25, 20, 25, 18, 22, 17, 20, 21, 29, 33, 35, 37, 42, 50, 46, 54, 70, 67, 68, 86, 56, 72, 73, 69, 85, 74, 94, 81, 85, 70, 104, 126, 1]",2171,"[1969, 1970, 3942, 1972, 3946, 31584, 17775, 33592, 33609, 31648, 51454, 63360, 71316, 85226, 49575, 87296, 59550, 59580, 57623, 37772, 49725, 39800, 49775, 35856, 43846, 33898, 39900, 41916, 57913, 65934, 69965, 74000, 84042, 100100, 92138, 108216, 140350, 134402, 136476, 172688, 112504, 144720, 146803, 138828, 171105, 149036, 189410, 163296, 171445, 141260, 209976, 254520, 2021]",4350623,2003.971902349148
11,Q8277,"['1879', '1888', '1900', '1913', '1931', '1934', '1935', '1937', '1942', '1943', '1944', '1945', '1946', '1947', '1948', '1949', '1950', '1951', '1952', '1953', '1954', '1955', '1956', '1957', '1958', '1959', '1960', '1961', '1962', '1963', '1964', '1965', '1966', '1967', '1968', '1969', '1970', '1971', '1972', '1973', '1974', '1975', '1976', '1977', '1978', '1979', '1980', '1981', '1982', '1983', '1984', '1985', '1986', '1987', '1988', '1989', '1990', '1991', '1992', '1993', '1994', '1995', '1996', '1997', '1998', '1999', '2000', '2001', '2002', '2003', '2004', '2005', '2006', '2007', '2008', '2009', '2010', '2011', '2012', '2013', '2014', '2015', '2016', '2017', '2018', '2019', '2020', '2021', '2022']","[1, 0, 0, 0, 2, 1, 1, 1, 1, 1, 1, 1, 3, 5, 13, 18, 61, 55, 50, 62, 53, 35, 48, 77, 30, 26, 32, 43, 35, 73, 67, 116, 119, 87, 98, 101, 122, 83, 126, 138, 144, 156, 183, 173, 200, 172, 228, 238, 293, 232, 268, 262, 266, 305, 292, 285, 275, 286, 294, 327, 362, 395, 421, 460, 517, 525, 592, 621, 616, 696, 758, 877, 900, 1079, 1139, 1200, 1350, 1486, 1517, 1650, 1769, 1504, 1674, 1368, 1286, 856, 667, 13, 2]",32965,"[1879, 0, 0, 0, 3862, 1934, 1935, 1937, 1942, 1943, 1944, 1945, 5838, 9735, 25324, 35082, 118950, 107305, 97600, 121086, 103562, 68425, 93888, 150689, 58740, 50934, 62720, 84323, 68670, 143299, 131588, 227940, 233954, 171129, 192864, 198869, 240340, 163593, 248472, 272274, 284256, 308100, 361608, 342021, 395600, 340388, 451440, 471478, 580726, 460056, 531712, 520070, 528276, 606035, 580496, 566865, 547250, 569426, 585648, 651711, 721828, 788025, 840316, 918620, 1032966, 1049475, 1184000, 1242621, 1233232, 1394088, 1519032, 1758385, 1805400, 2165553, 2287112, 2410800, 2713500, 2988346, 3052204, 3321450, 3562766, 3030560, 3374784, 2759256, 2595148, 1728264, 1347340, 26273, 4044]",66045064,2003.4904899135447
12,Q84263196,"['2012', '2018', '2019', '2020', '2021', '2022', '2023']","[1, 1, 8, 69921, 5718, 2508, 3]",78160,"[2012, 2018, 16152, 141240420, 11556078, 5071176, 6069]",157893925,2020.1372185261002
16,Q160796,"['1796', '1800', '1807', '1813', '1814', '1821', '1823', '1825', '1829', '1830', '1831', '1832', '1834', '1835', '1838', '1840', '1842', '1843', '1846', '1847', '1850', '1851', '1853', '1854', '1855', '1856', '1857', '1858', '1859', '1860', '1862', '1863', '1864', '1865', '1866', '1867', '1868', '1869', '1870', '1872', '1873', '1877', '1878', '1880', '1881', '1882', '1886', '1888', '1892', '1893', '1897', '1900', '1901', '1902', '1904', '1905', '1909', '1911', '1912', '1913', '1914', '1915', '1916', '1917', '1920', '1924', '1925', '1928', '1929', '1932', '1933', '1934', '1935', '1936', '1937', '1939', '1942', '1945', '1946', '1947', '1948', '1949', '1950', '1951', '1952', '1953', '1954', '1955', '1956', '1957', '1958', '1959', '1960', '1961', '1962', '1963', '1964', '1965', '1966', '1967', '1968', '1969', '1970', '1971', '1972', '1973', '1974', '1975', '1976', '1977', '1978', '1979', '1980', '1981', '1982', '1983', '1984', '1985', '1986', '1987', '1988', '1989', '1990', '1991', '1992', '1993', '1994', '1995', '1996', '1997', '1998', '1999', '2000', '2001', '2002', '2003', '2004', '2005', '2006', '2007', '2008', '2009', '2010', '2011', '2012', '2013', '2014', '2015', '2016', '2017', '2018', '2019', '2020', '2021']","[1, 1, 1, 1, 1, 2, 2, 1, 2, 4, 1, 3, 1, 2, 1, 1, 1, 4, 2, 3, 2, 1, 1, 1, 2, 0, 1, 2, 1, 7, 4, 2, 1, 2, 1, 2, 1, 3, 3, 2, 4, 1, 1, 2, 1, 1, 1, 0, 1, 1, 1, 0, 1, 1, 1, 3, 2, 1, 3, 0, 1, 16, 2, 1, 1, 11, 1, 3, 1, 3, 2, 7, 2, 1, 4, 3, 1, 1, 3, 3, 8, 3, 17, 12, 23, 27, 27, 30, 34, 23, 32, 32, 19, 31, 30, 20, 16, 31, 32, 28, 31, 23, 23, 35, 23, 21, 30, 26, 27, 36, 23, 42, 34, 37, 48, 40, 33, 27, 33, 31, 45, 36, 31, 58, 37, 41, 65, 60, 68, 66, 62, 69, 84, 103, 75, 85, 115, 133, 145, 171, 199, 204, 246, 273, 330, 375, 382, 430, 474, 587, 549, 608, 801, 14]",8286,"[1796, 1800, 1807, 1813, 1814, 3642, 3646, 1825, 3658, 7320, 1831, 5496, 1834, 3670, 1838, 1840, 1842, 7372, 3692, 5541, 3700, 1851, 1853, 1854, 3710, 0, 1857, 3716, 1859, 13020, 7448, 3726, 1864, 3730, 1866, 3734, 1868, 5607, 5610, 3744, 7492, 1877, 1878, 3760, 1881, 1882, 1886, 0, 1892, 1893, 1897, 0, 1901, 1902, 1904, 5715, 3818, 1911, 5736, 0, 1914, 30640, 3832, 1917, 1920, 21164, 1925, 5784, 1929, 5796, 3866, 13538, 3870, 1936, 7748, 5817, 1942, 1945, 5838, 5841, 15584, 5847, 33150, 23412, 44896, 52731, 52758, 58650, 66504, 45011, 62656, 62688, 37240, 60791, 58860, 39260, 31424, 60915, 62912, 55076, 61008, 45287, 45310, 68985, 45356, 41433, 59220, 51350, 53352, 71172, 45494, 83118, 67320, 73297, 95136, 79320, 65472, 53595, 65538, 61597, 89460, 71604, 61690, 115478, 73704, 81713, 129610, 119700, 135728, 131802, 123876, 137931, 168000, 206103, 150150, 170255, 230460, 266665, 290870, 343197, 399592, 409836, 494460, 549003, 663960, 754875, 769348, 866450, 955584, 1183979, 1107882, 1227552, 1618020, 28294]",16604637,2003.938812454743
17,Q49000071,['2019'],[2],2,[4038],4038,2019.0
18,Q18558272,"['1926', '1951', '1954', '1956', '1958', '1960', '1964', '1965', '1967', '1968', '1969', '1970', '1971', '1972', '1973', '1974', '1975', '1976', '1977', '1978', '1979', '1980', '1981', '1982', '1983', '1984', '1985', '1986', '1987', '1988', '1989', '1990', '1991', '1992', '1993', '1994', '1995', '1996', '1997', '1998', '1999', '2000', '2001', '2002', '2003', '2004', '2005', '2006', '2007', '2008', '2009', '2010', '2011', '2012', '2013', '2014', '2015', '2016', '2017', '2018', '2019', '2020', '2021']","[2, 1, 1, 1, 1, 1, 1, 2, 2, 6, 4, 9, 8, 14, 17, 14, 9, 7, 3, 8, 8, 9, 5, 6, 11, 9, 5, 5, 7, 4, 5, 4, 3, 3, 5, 2, 2, 5, 4, 4, 6, 4, 5, 14, 14, 17, 11, 15, 17, 17, 11, 17, 11, 15, 15, 23, 15, 22, 8, 17, 16, 14, 1]",522,"[3852, 1951, 1954, 1956, 1958, 1960, 1964, 3930, 3934, 11808, 7876, 17730, 15768, 27608, 33541, 27636, 17775, 13832, 5931, 15824, 15832, 17820, 9905, 11892, 21813, 17856, 9925, 9930, 13909, 7952, 9945, 7960, 5973, 5976, 9965, 3988, 3990, 9980, 7988, 7992, 11994, 8000, 10005, 28028, 28042, 34068, 22055, 30090, 34119, 34136, 22099, 34170, 22121, 30180, 30195, 46322, 30225, 44352, 16136, 34306, 32304, 28280, 2021]",1042627,1997.3697318007662
19,Q3234995,"['1937', '1941', '1949', '1950', '1951', '1952', '1953', '1954', '1955', '1956', '1957', '1958', '1959', '1960', '1961', '1962', '1963', '1964', '1965', '1966', '1967', '1968', '1969', '1970', '1971', '1972', '1973', '1974', '1975', '1976', '1977', '1978', '1979', '1980', '1981', '1982', '1983', '1984', '1985', '1986', '1987', '1988', '1989', '1990', '1991', '1992', '1993', '1994', '1995', '1996', '1997', '1998', '1999', '2000', '2001', '2002', '2003', '2004', '2005', '2006', '2007', '2008', '2009', '2010', '2011', '2012', '2013', '2014', '2015', '2016', '2017', '2018', '2019', '2020', '2021']","[1, 1, 1, 1, 4, 6, 3, 5, 9, 11, 9, 9, 8, 7, 2, 9, 12, 14, 12, 11, 14, 18, 15, 11, 9, 10, 16, 18, 14, 11, 18, 12, 20, 13, 17, 17, 7, 23, 14, 19, 13, 21, 10, 12, 14, 20, 21, 18, 17, 16, 22, 22, 23, 24, 25, 44, 52, 45, 35, 38, 39, 44, 43, 38, 44, 50, 87, 67, 76, 87, 66, 50, 62, 63, 1]",1740,"[1937, 1941, 1949, 1950, 7804, 11712, 5859, 9770, 17595, 21516, 17613, 17622, 15672, 13720, 3922, 17658, 23556, 27496, 23580, 21626, 27538, 35424, 29535, 21670, 17739, 19720, 31568, 35532, 27650, 21736, 35586, 23736, 39580, 25740, 33677, 33694, 13881, 45632, 27790, 37734, 25831, 41748, 19890, 23880, 27874, 39840, 41853, 35892, 33915, 31936, 43934, 43956, 45977, 48000, 50025, 88088, 104156, 90180, 70175, 76228, 78273, 88352, 86387, 76380, 88484, 100600, 175131, 134938, 153140, 175392, 133122, 100900, 125178, 127260, 2021]",3478596,1999.193103448276
20,Q3065932,"['1621', '1672', '1774', '1796', '1799', '1800', '1805', '1807', '1811', '1813', '1814', '1816', '1817', '1819', '1821', '1823', '1825', '1829', '1830', '1831', '1832', '1834', '1835', '1838', '1840', '1841', '1842', '1843', '1846', '1847', '1850', '1851', '1853', '1854', '1855', '1856', '1857', '1858', '1859', '1860', '1862', '1863', '1864', '1865', '1866', '1867', '1868', '1869', '1870', '1872', '1873', '1875', '1876', '1877', '1878', '1879', '1880', '1881', '1882', '1884', '1885', '1886', '1887', '1888', '1889', '1890', '1891', '1892', '1893', '1894', '1895', '1896', '1897', '1898', '1899', '1900', '1901', '1902', '1903', '1904', '1905', '1906', '1907', '1908', '1909', '1910', '1911', '1912', '1913', '1914', '1915', '1916', '1917', '1918', '1919', '1920', '1921', '1922', '1923', '1924', '1925', '1926', '1927', '1928', '1929', '1930', '1931', '1932', '1933', '1934', '1935', '1936', '1937', '1938', '1939', '1940', '1941', '1942', '1943', '1944', '1945', '1946', '1947', '1948', '1949', '1950', '1951', '1952', '1953', '1954', '1955', '1956', '1957', '1958', '1959', '1960', '1961', '1962', '1963', '1964', '1965', '1966', '1967', '1968', '1969', '1970', '1971', '1972', '1973', '1974', '1975', '1976', '1977', '1978', '1979', '1980', '1981', '1982', '1983', '1984', '1985', '1986', '1987', '1988', '1989', '1990', '1991', '1992', '1993', '1994', '1995', '1996', '1997', '1998', '1999', '2000', '2001', '2002', '2003', '2004', '2005', '2006', '2007', '2008', '2009', '2010', '2011', '2012', '2013', '2014', '2015', '2016', '2017', '2018', '2019', '2020', '2021', '2022']","[1, 0, 1, 1, 1, 1, 1, 1, 1, 2, 2, 4, 1, 1, 3, 2, 1, 5, 4, 1, 4, 1, 2, 1, 1, 1, 2, 4, 3, 3, 3, 2, 2, 2, 2, 1, 3, 2, 1, 7, 4, 3, 1, 4, 2, 4, 1, 3, 3, 4, 4, 3, 1, 4, 4, 1, 4, 3, 3, 2, 2, 2, 4, 0, 5, 1, 3, 6, 4, 2, 4, 1, 3, 2, 1, 6, 2, 5, 5, 4, 11, 9, 3, 5, 8, 5, 7, 9, 9, 6, 18, 6, 10, 6, 8, 10, 5, 6, 9, 18, 7, 7, 12, 15, 14, 9, 6, 13, 9, 26, 12, 9, 14, 24, 25, 15, 10, 15, 4, 3, 23, 93, 103, 110, 128, 229, 265, 350, 324, 315, 369, 389, 459, 523, 471, 464, 492, 533, 576, 662, 666, 735, 721, 667, 714, 689, 773, 771, 784, 895, 955, 971, 1028, 1098, 1104, 1182, 1329, 1301, 1353, 1421, 1514, 1688, 1850, 1981, 2137, 2194, 2297, 2523, 2627, 2886, 2994, 3241, 3525, 3536, 3950, 4241, 4318, 4504, 5017, 5592, 6178, 6807, 7228, 7634, 7814, 8715, 9169, 9863, 10651, 11154, 11485, 11960, 12714, 13517, 14323, 14212, 331, 56]",253079,"[1621, 0, 1774, 1796, 1799, 1800, 1805, 1807, 1811, 3626, 3628, 7264, 1817, 1819, 5463, 3646, 1825, 9145, 7320, 1831, 7328, 1834, 3670, 1838, 1840, 1841, 3684, 7372, 5538, 5541, 5550, 3702, 3706, 3708, 3710, 1856, 5571, 3716, 1859, 13020, 7448, 5589, 1864, 7460, 3732, 7468, 1868, 5607, 5610, 7488, 7492, 5625, 1876, 7508, 7512, 1879, 7520, 5643, 5646, 3768, 3770, 3772, 7548, 0, 9445, 1890, 5673, 11352, 7572, 3788, 7580, 1896, 5691, 3796, 1899, 11400, 3802, 9510, 9515, 7616, 20955, 17154, 5721, 9540, 15272, 9550, 13377, 17208, 17217, 11484, 34470, 11496, 19170, 11508, 15352, 19200, 9605, 11532, 17307, 34632, 13475, 13482, 23124, 28920, 27006, 17370, 11586, 25116, 17397, 50284, 23220, 17424, 27118, 46512, 48475, 29100, 19410, 29130, 7772, 5832, 44735, 180978, 200541, 214280, 249472, 446550, 517015, 683200, 632772, 615510, 721395, 760884, 898263, 1024034, 922689, 909440, 964812, 1045746, 1130688, 1300168, 1308690, 1445010, 1418207, 1312656, 1405866, 1357330, 1523583, 1520412, 1546832, 1766730, 1886125, 1918696, 2032356, 2171844, 2184816, 2340360, 2632749, 2578582, 2682999, 2819264, 3005290, 3352368, 3675950, 3938228, 4250493, 4366060, 4573327, 5025816, 5235611, 5754684, 5973030, 6469036, 7039425, 7064928, 7896050, 8482000, 8640318, 9017008, 10049051, 11206368, 12386890, 13654842, 14506596, 15329072, 15698326, 17517150, 18438859, 19844356, 21440463, 22464156, 23142275, 24111360, 25644138, 27277306, 28918137, 28708240, 668951, 113232]",507373771,2004.8039189344038
21,Q2728811,"['2014', '2018']","[1, 1]",2,"[2014, 2018]",4032,2016.0
22,Q917357,"['1984', '1985', '1986', '1987', '1988', '1989', '1990', '1991', '1992', '1993', '1994', '1995', '1996', '1997', '1998', '1999', '2000', '2001', '2002', '2003', '2004', '2005', '2006', '2007', '2008', '2009', '2010', '2011', '2012', '2013', '2014', '2015', '2016', '2017', '2018', '2019', '2020', '2021']","[2, 27, 48, 39, 39, 39, 70, 30, 42, 29, 27, 39, 22, 51, 39, 44, 44, 100, 51, 53, 35, 78, 74, 62, 50, 74, 73, 89, 81, 94, 97, 113, 110, 94, 102, 101, 101, 2]",2265,"[3968, 53595, 95328, 77493, 77532, 77571, 139300, 59730, 83664, 57797, 53838, 77805, 43912, 101847, 77922, 87956, 88000, 200100, 102102, 106159, 70140, 156390, 148444, 124434, 100400, 148666, 146730, 178979, 162972, 189222, 195358, 227695, 221760, 189598, 205836, 203919, 204020, 4042]",4544224,2006.2799116997792
24,Q1198391,"['1968', '1981', '1982', '1985', '1993', '1997', '2008', '2010', '2011', '2012', '2013', '2014', '2015', '2016', '2017', '2018', '2019', '2020']","[1, 1, 1, 2, 1, 1, 1, 2, 1, 4, 8, 6, 12, 14, 11, 2, 14, 1]",83,"[1968, 1981, 1982, 3970, 1993, 1997, 2008, 4020, 2011, 8048, 16104, 12084, 24180, 28224, 22187, 4036, 28266, 2020]",167079,2013.0
25,Q55783958,"['2009', '2010', '2013', '2016', '2017', '2019']","[1, 2, 1, 1, 1, 1]",7,"[2009, 4020, 2013, 2016, 2017, 2019]",14094,2013.4285714285713
27,Q18553444,"['1973', '1981', '1983', '1984', '1985', '1987', '1988', '1989', '1990', '1991', '1992', '1993', '1994', '1995', '1996', '1997', '1998', '1999', '2000', '2001', '2002', '2003', '2004', '2005', '2006', '2007', '2008', '2009', '2010', '2011', '2012', '2013', '2014', '2015', '2016', '2017', '2018', '2019', '2020', '2021']","[1, 1, 2, 2, 1, 2, 4, 8, 5, 3, 7, 7, 9, 5, 14, 9, 13, 25, 15, 18, 21, 32, 49, 42, 46, 41, 65, 59, 72, 62, 70, 53, 59, 52, 55, 51, 50, 54, 56, 2]",1142,"[1973, 1981, 3966, 3968, 1985, 3974, 7952, 15912, 9950, 5973, 13944, 13951, 17946, 9975, 27944, 17973, 25974, 49975, 30000, 36018, 42042, 64096, 98196, 84210, 92276, 82287, 130520, 118531, 144720, 124682, 140840, 106689, 118826, 104780, 110880, 102867, 100900, 109026, 113120, 4042]",2294864,2009.5131348511384
28,Q133772,"['1843', '1849', '1851', '1852', '1853', '1854', '1856', '1860', '1865', '1870', '1872', '1873', '1874', '1877', '1878', '1879', '1882', '1883', '1884', '1885', '1886', '1887', '1888', '1889', '1890', '1891', '1892', '1893', '1894', '1896', '1897', '1898', '1900', '1904', '1905', '1907', '1908', '1909', '1910', '1911', '1912', '1913', '1914', '1915', '1917', '1920', '1921', '1922', '1923', '1924', '1925', '1927', '1928', '1929', '1930', '1931', '1932', '1933', '1934', '1935', '1936', '1937', '1938', '1939', '1940', '1941', '1942', '1944', '1945', '1946', '1947', '1948', '1949', '1950', '1951', '1952', '1953', '1954', '1955', '1956', '1957', '1958', '1959', '1960', '1961', '1962', '1963', '1964', '1965', '1966', '1967', '1968', '1969', '1970', '1971', '1972', '1973', '1974', '1975', '1976', '1977', '1978', '1979', '1980', '1981', '1982', '1983', '1984', '1985', '1986', '1987', '1988', '1989', '1990', '1991', '1992', '1993', '1994', '1995', '1996', '1997', '1998', '1999', '2000', '2001', '2002', '2003', '2004', '2005', '2006', '2007', '2008', '2009', '2010', '2011', '2012', '2013', '2014', '2015', '2016', '2017', '2018', '2019', '2020', '2021']","[1, 1, 3, 5, 1, 1, 3, 1, 0, 2, 1, 3, 3, 2, 3, 1, 2, 1, 7, 6, 1, 1, 1, 1, 1, 2, 1, 1, 2, 2, 1, 3, 1, 1, 3, 1, 4, 1, 1, 2, 5, 2, 3, 1, 1, 1, 2, 3, 1, 4, 2, 2, 2, 11, 3, 2, 15, 3, 2, 1, 1, 2, 4, 6, 2, 2, 2, 5, 12, 62, 77, 75, 73, 114, 79, 112, 111, 93, 85, 52, 67, 54, 53, 36, 47, 47, 38, 62, 185, 171, 175, 165, 181, 165, 182, 208, 203, 230, 186, 182, 310, 282, 249, 150, 148, 150, 196, 186, 198, 228, 168, 184, 241, 251, 203, 166, 168, 157, 171, 168, 164, 165, 159, 190, 259, 222, 226, 254, 233, 266, 286, 311, 345, 389, 377, 462, 554, 506, 594, 521, 590, 357, 319, 331, 6]",15810,"[1843, 1849, 5553, 9260, 1853, 1854, 5568, 1860, 0, 3740, 1872, 5619, 5622, 3754, 5634, 1879, 3764, 1883, 13188, 11310, 1886, 1887, 1888, 1889, 1890, 3782, 1892, 1893, 3788, 3792, 1897, 5694, 1900, 1904, 5715, 1907, 7632, 1909, 1910, 3822, 9560, 3826, 5742, 1915, 1917, 1920, 3842, 5766, 1923, 7696, 3850, 3854, 3856, 21219, 5790, 3862, 28980, 5799, 3868, 1935, 1936, 3874, 7752, 11634, 3880, 3882, 3884, 9720, 23340, 120652, 149919, 146100, 142277, 222300, 154129, 218624, 216783, 181722, 166175, 101712, 131119, 105732, 103827, 70560, 92167, 92214, 74594, 121768, 363525, 336186, 344225, 324720, 356389, 325050, 358722, 410176, 400519, 454020, 367350, 359632, 612870, 557796, 492771, 297000, 293188, 297300, 388668, 369024, 393030, 452808, 333816, 365792, 479349, 499490, 404173, 330672, 334824, 313058, 341145, 335328, 327508, 329670, 317841, 380000, 518259, 444444, 452678, 509016, 467165, 533596, 574002, 624488, 693105, 781890, 758147, 929544, 1115202, 1019084, 1196910, 1050336, 1190030, 720426, 644061, 668620, 12126]",31506942,1992.8489563567362
33,Q18553852,"['1906', '1913', '1925', '1926', '1933', '1945', '1946', '1947', '1948', '1949', '1950', '1951', '1952', '1953', '1954', '1955', '1956', '1957', '1958', '1959', '1960', '1961', '1962', '1963', '1964', '1965', '1966', '1967', '1968', '1969', '1970', '1971', '1972', '1973', '1974', '1975', '1976', '1977', '1978', '1979', '1980', '1981', '1982', '1983', '1984', '1985', '1986', '1987', '1988', '1989', '1990', '1991', '1992', '1993', '1994', '1995', '1996', '1997', '1998', '1999', '2000', '2001', '2002', '2003', '2004', '2005', '2006', '2007', '2008', '2009', '2010', '2011', '2012', '2013', '2014', '2015', '2016', '2017', '2018', '2019', '2020', '2021', '2022']","[1, 0, 1, 1, 1, 2, 4, 9, 8, 14, 41, 33, 48, 61, 57, 47, 52, 56, 40, 44, 56, 65, 55, 72, 80, 125, 124, 152, 170, 178, 179, 185, 191, 272, 249, 254, 365, 320, 387, 414, 460, 606, 572, 700, 789, 798, 753, 894, 877, 869, 838, 828, 892, 885, 911, 876, 891, 906, 946, 1013, 1031, 944, 1000, 922, 1037, 1117, 1283, 1270, 1256, 1361, 1538, 1790, 1764, 1764, 2158, 2098, 2086, 1994, 2608, 3296, 3491, 78, 4]",56607,"[1906, 0, 1925, 1926, 1933, 3890, 7784, 17523, 15584, 27286, 79950, 64383, 93696, 119133, 111378, 91885, 101712, 109592, 78320, 86196, 109760, 127465, 107910, 141336, 157120, 245625, 243784, 298984, 334560, 350482, 352630, 364635, 376652, 536656, 491526, 501650, 721240, 632640, 765486, 819306, 910800, 1200486, 1133704, 1388100, 1565376, 1584030, 1495458, 1776378, 1743476, 1728441, 1667620, 1648548, 1776864, 1763805, 1816534, 1747620, 1778436, 1809282, 1890108, 2024987, 2062000, 1888944, 2002000, 1846766, 2078148, 2239585, 2573698, 2548890, 2522048, 2734249, 3091380, 3599690, 3549168, 3550932, 4346212, 4227470, 4205376, 4021898, 5262944, 6654624, 7051820, 157638, 8088]",113369070,2002.7394138534103
34,Q55345906,"['2017', '2018', '2019', '2020']","[1, 3, 1, 1]",6,"[2017, 6054, 2019, 2020]",12110,2018.3333333333333
35,Q11088,"['1924', '1925', '1933', '1934', '1935', '1937', '1939', '1944', '1946', '1947', '1948', '1949', '1950', '1951', '1952', '1953', '1954', '1955', '1956', '1957', '1958', '1959', '1960', '1961', '1962', '1963', '1964', '1966', '1967', '1968', '1969', '1970', '1971', '1972', '1973', '1974', '1975', '1976', '1977', '1978', '1979', '1980', '1981', '1982', '1983', '1984', '1985', '1986', '1987', '1988', '1989', '1990', '1991', '1992', '1993', '1994', '1995', '1996', '1997', '1998', '1999', '2000', '2001', '2002', '2003', '2004', '2005', '2006', '2007', '2008', '2009', '2010', '2011', '2012', '2013', '2014', '2015', '2016', '2017', '2018', '2019', '2020', '2021']","[10, 1, 1, 1, 2, 1, 1, 2, 2, 3, 4, 4, 1, 4, 7, 2, 2, 5, 2, 3, 3, 1, 3, 9, 1, 4, 5, 5, 10, 5, 17, 23, 31, 33, 38, 36, 27, 49, 37, 26, 21, 38, 48, 45, 52, 42, 37, 42, 41, 43, 32, 35, 45, 35, 35, 51, 51, 66, 37, 62, 77, 75, 86, 112, 79, 105, 99, 89, 95, 59, 72, 84, 80, 105, 99, 108, 102, 90, 93, 105, 102, 94, 4]",3293,"[19240, 1925, 1933, 1934, 3870, 1937, 1939, 3888, 3892, 5841, 7792, 7796, 1950, 7804, 13664, 3906, 3908, 9775, 3912, 5871, 5874, 1959, 5880, 17649, 1962, 7852, 9820, 9830, 19670, 9840, 33473, 45310, 61101, 65076, 74974, 71064, 53325, 96824, 73149, 51428, 41559, 75240, 95088, 89190, 103116, 83328, 73445, 83412, 81467, 85484, 63648, 69650, 89595, 69720, 69755, 101694, 101745, 131736, 73889, 123876, 153923, 150000, 172086, 224224, 158237, 210420, 198495, 178534, 190665, 118472, 144648, 168840, 160880, 211260, 199287, 217512, 205530, 181440, 187581, 211890, 205938, 189880, 8084]",6583300,1999.18007895536
38,Q12214,"['1845', '1852', '1856', '1862', '1865', '1867', '1870', '1871', '1872', '1873', '1875', '1883', '1884', '1888', '1892', '1895', '1898', '1900', '1901', '1902', '1903', '1904', '1905', '1906', '1908', '1909', '1910', '1911', '1913', '1914', '1915', '1916', '1919', '1920', '1921', '1922', '1923', '1924', '1925', '1926', '1927', '1928', '1929', '1930', '1931', '1932', '1933', '1934', '1935', '1936', '1937', '1938', '1939', '1940', '1941', '1942', '1943', '1944', '1945', '1946', '1947', '1948', '1949', '1950', '1951', '1952', '1953', '1954', '1955', '1956', '1957', '1958', '1959', '1960', '1961', '1962', '1963', '1964', '1965', '1966', '1967', '1968', '1969', '1970', '1971', '1972', '1973', '1974', '1975', '1976', '1977', '1978', '1979', '1980', '1981', '1982', '1983', '1984', '1985', '1986', '1987', '1988', '1989', '1990', '1991', '1992', '1993', '1994', '1995', '1996', '1997', '1998', '1999', '2000', '2001', '2002', '2003', '2004', '2005', '2006', '2007', '2008', '2009', '2010', '2011', '2012', '2013', '2014', '2015', '2016', '2017', '2018', '2019', '2020', '2022']","[1, 1, 0, 1, 1, 1, 0, 2, 2, 2, 2, 1, 2, 0, 1, 1, 1, 3, 1, 2, 2, 1, 5, 1, 5, 2, 1, 3, 3, 2, 1, 1, 1, 2, 7, 4, 4, 8, 3, 4, 5, 3, 10, 3, 3, 3, 8, 4, 3, 1, 2, 4, 3, 4, 2, 4, 3, 10, 8, 26, 29, 24, 31, 64, 110, 64, 45, 34, 70, 55, 54, 40, 40, 46, 62, 82, 88, 135, 156, 124, 85, 115, 113, 113, 132, 138, 120, 103, 108, 79, 93, 82, 62, 51, 35, 31, 27, 13, 29, 13, 20, 23, 21, 13, 7, 10, 22, 23, 19, 43, 12, 15, 33, 25, 45, 180, 334, 152, 102, 92, 75, 63, 59, 57, 81, 43, 32, 32, 51, 34, 32, 18, 6, 2, 1]",4866,"[1845, 1852, 0, 1862, 1865, 1867, 0, 3742, 3744, 3746, 3750, 1883, 3768, 0, 1892, 1895, 1898, 5700, 1901, 3804, 3806, 1904, 9525, 1906, 9540, 3818, 1910, 5733, 5739, 3828, 1915, 1916, 1919, 3840, 13447, 7688, 7692, 15392, 5775, 7704, 9635, 5784, 19290, 5790, 5793, 5796, 15464, 7736, 5805, 1936, 3874, 7752, 5817, 7760, 3882, 7768, 5829, 19440, 15560, 50596, 56463, 46752, 60419, 124800, 214610, 124928, 87885, 66436, 136850, 107580, 105678, 78320, 78360, 90160, 121582, 160884, 172744, 265140, 306540, 243784, 167195, 226320, 222497, 222610, 260172, 272136, 236760, 203322, 213300, 156104, 183861, 162196, 122698, 100980, 69335, 61442, 53541, 25792, 57565, 25818, 39740, 45724, 41769, 25870, 13937, 19920, 43846, 45862, 37905, 85828, 23964, 29970, 65967, 50000, 90045, 360360, 669002, 304608, 204510, 184552, 150525, 126504, 118531, 114570, 162891, 86516, 64416, 64448, 102765, 68544, 64544, 36324, 12114, 4040, 2022]",9629010,1978.8347718865598
39,Q168403,"['1842', '1845', '1856', '1865', '1866', '1870', '1871', '1874', '1884', '1885', '1887', '1888', '1889', '1890', '1891', '1892', '1894', '1898', '1899', '1900', '1906', '1907', '1909', '1913', '1914', '1915', '1916', '1918', '1919', '1920', '1921', '1922', '1925', '1926', '1927', '1928', '1929', '1930', '1931', '1932', '1934', '1935', '1936', '1938', '1939', '1940', '1942', '1945', '1946', '1947', '1948', '1949', '1950', '1951', '1952', '1953', '1955', '1956', '1957', '1958', '1959', '1960', '1961', '1962', '1963', '1964', '1965', '1966', '1967', '1968', '1969', '1970', '1971', '1972', '1973', '1974', '1975', '1976', '1977', '1978', '1979', '1980', '1981', '1982', '1983', '1984', '1985', '1986', '1987', '1988', '1989', '1990', '1991', '1992', '1993', '1994', '1995', '1996', '1997', '1998', '1999', '2000', '2001', '2002', '2003', '2004', '2005', '2006', '2007', '2008', '2009', '2010', '2011', '2012', '2013', '2014', '2015', '2016', '2017', '2018', '2019', '2020']","[1, 1, 0, 1, 1, 0, 1, 2, 1, 2, 2, 1, 1, 1, 2, 3, 5, 4, 3, 1, 1, 1, 1, 0, 1, 1, 1, 1, 3, 1, 5, 1, 2, 1, 2, 3, 1, 1, 1, 3, 1, 1, 1, 1, 1, 2, 1, 1, 1, 1, 3, 2, 2, 2, 1, 1, 3, 3, 1, 2, 1, 3, 2, 2, 3, 2, 6, 4, 12, 7, 9, 14, 5, 9, 17, 24, 31, 22, 23, 30, 42, 11, 19, 14, 21, 18, 26, 18, 46, 24, 35, 58, 45, 40, 77, 70, 101, 94, 104, 103, 103, 105, 145, 143, 148, 195, 195, 192, 194, 223, 226, 228, 207, 280, 378, 302, 361, 447, 419, 255, 36, 13]",6082,"[1842, 1845, 0, 1865, 1866, 0, 1871, 3748, 1884, 3770, 3774, 1888, 1889, 1890, 3782, 5676, 9470, 7592, 5697, 1900, 1906, 1907, 1909, 0, 1914, 1915, 1916, 1918, 5757, 1920, 9605, 1922, 3850, 1926, 3854, 5784, 1929, 1930, 1931, 5796, 1934, 1935, 1936, 1938, 1939, 3880, 1942, 1945, 1946, 1947, 5844, 3898, 3900, 3902, 1952, 1953, 5865, 5868, 1957, 3916, 1959, 5880, 3922, 3924, 5889, 3928, 11790, 7864, 23604, 13776, 17721, 27580, 9855, 17748, 33541, 47376, 61225, 43472, 45471, 59340, 83118, 21780, 37639, 27748, 41643, 35712, 51610, 35748, 91402, 47712, 69615, 115420, 89595, 79680, 153461, 139580, 201495, 187624, 207688, 205794, 205897, 210000, 290145, 286286, 296444, 390780, 390975, 385152, 389358, 447784, 454034, 458280, 416277, 563360, 760914, 608228, 727415, 901152, 845123, 514590, 72684, 26260]",12193302,2004.8178230845117
40,Q2757585,"['2003', '2004', '2005', '2006', '2007', '2008', '2009', '2010', '2011', '2012', '2013', '2014', '2015', '2016', '2017', '2018', '2019', '2020']","[1, 3, 3, 2, 1, 4, 2, 4, 3, 5, 8, 4, 5, 4, 4, 5, 7, 8]",73,"[2003, 6012, 6015, 4012, 2007, 8032, 4018, 8040, 6033, 10060, 16104, 8056, 10075, 8064, 8068, 10090, 14133, 16160]",146982,2013.4520547945206
41,Q1164529,"['1952', '1953', '1954', '1957', '1958', '1960', '1961', '1962', '1963', '1964', '1965', '1966', '1967', '1968', '1969', '1970', '1971', '1972', '1973', '1974', '1975', '1976', '1977', '1978', '1979', '1980', '1981', '1982', '1983', '1984', '1985', '1986', '1987', '1988', '1989', '1990', '1991', '1992', '1993', '1994', '1995', '1996', '1997', '1998', '1999', '2000', '2001', '2002', '2003', '2004', '2005', '2006', '2007', '2008', '2009', '2010', '2011', '2012', '2013', '2014', '2015', '2016', '2017', '2018', '2019', '2020', '2021', '2022']","[2, 1, 2, 3, 1, 3, 1, 1, 4, 2, 5, 2, 5, 7, 7, 11, 10, 15, 13, 14, 26, 28, 27, 35, 27, 50, 58, 65, 77, 84, 97, 111, 158, 143, 138, 155, 162, 186, 181, 219, 225, 231, 261, 243, 286, 250, 270, 294, 299, 343, 394, 412, 512, 544, 510, 608, 668, 711, 763, 874, 843, 855, 869, 1085, 1482, 1407, 24, 1]",17400,"[3904, 1953, 3908, 5871, 1958, 5880, 1961, 1962, 7852, 3928, 9825, 3932, 9835, 13776, 13783, 21670, 19710, 29580, 25649, 27636, 51350, 55328, 53379, 69230, 53433, 99000, 114898, 128830, 152691, 166656, 192545, 220446, 313946, 284284, 274482, 308450, 322542, 370512, 360733, 436686, 448875, 461076, 521217, 485514, 571714, 500000, 540270, 588588, 598897, 687372, 789970, 826472, 1027584, 1092352, 1024590, 1222080, 1343348, 1430532, 1535919, 1760236, 1698645, 1723680, 1752773, 2189530, 2992158, 2842140, 48504, 2022]",34950052,2008.6236781609196
43,Q181923,"['1975', '1976', '1977', '1978', '1979', '1987', '1988', '1989', '1990', '1991', '1992', '1993', '1994', '1995', '1996', '1997', '1998', '1999', '2000', '2001', '2002', '2003', '2004', '2005', '2006', '2007', '2008', '2009', '2010', '2011', '2012', '2013', '2014', '2015', '2016', '2017', '2018', '2019', '2020', '2021', '2022', '2023']","[4, 6, 1, 8, 2, 2, 7, 7, 21, 38, 35, 36, 35, 56, 80, 95, 100, 112, 147, 145, 166, 154, 194, 250, 277, 299, 361, 339, 351, 327, 337, 370, 357, 305, 374, 294, 336, 339, 370, 8, 2, 1]",6748,"[7900, 11856, 1977, 15824, 3958, 3974, 13916, 13923, 41790, 75658, 69720, 71748, 69790, 111720, 159680, 189715, 199800, 223888, 294000, 290145, 332332, 308462, 388776, 501250, 555662, 600093, 724888, 681051, 705510, 657597, 678044, 744810, 718998, 614575, 753984, 592998, 678048, 684441, 747400, 16168, 4044, 2023]",13562136,2009.8008298755187
44,Q5340515,"['1947', '1948', '1949', '1950', '1951', '1952', '1953', '1955', '1956', '1957', '1958', '1959', '1960', '1961', '1962', '1963', '1964', '1965', '1966', '1967', '1968', '1969', '1970', '1971', '1972', '1973', '1974', '1975', '1976', '1977', '1978', '1979', '1980', '1981', '1982', '1983', '1984', '1985', '1986', '1987', '1988', '1989', '1990', '1991', '1992', '1993', '1994', '1995', '1996', '1997', '1998', '1999', '2000', '2001', '2002', '2003', '2004', '2005', '2006', '2007', '2008', '2009', '2010', '2011', '2012', '2013', '2014', '2015', '2016', '2017', '2018', '2019', '2020']","[2, 1, 1, 1, 3, 2, 1, 1, 5, 4, 4, 5, 2, 6, 5, 4, 7, 6, 12, 7, 8, 5, 7, 10, 19, 10, 12, 19, 20, 18, 20, 19, 18, 20, 17, 29, 42, 21, 32, 33, 30, 28, 39, 37, 24, 17, 22, 17, 22, 18, 18, 19, 28, 22, 14, 16, 11, 12, 9, 18, 20, 14, 14, 16, 10, 17, 13, 19, 15, 17, 26, 21, 9]",1090,"[3894, 1948, 1949, 1950, 5853, 3904, 1953, 1955, 9780, 7828, 7832, 9795, 3920, 11766, 9810, 7852, 13748, 11790, 23592, 13769, 15744, 9845, 13790, 19710, 37468, 19730, 23688, 37525, 39520, 35586, 39560, 37601, 35640, 39620, 33694, 57507, 83328, 41685, 63552, 65571, 59640, 55692, 77610, 73667, 47808, 33881, 43868, 33915, 43912, 35946, 35964, 37981, 56000, 44022, 28028, 32048, 22044, 24060, 18054, 36126, 40160, 28126, 28140, 32176, 20120, 34221, 26182, 38285, 30240, 34289, 52468, 42399, 18180]",2170504,1991.2880733944953
45,Q830308,"['1959', '1989', '1990', '1991', '1993', '1994', '1995', '1996', '1997', '1998', '1999', '2000', '2001', '2002', '2003', '2004', '2005', '2006', '2007', '2008', '2009', '2010', '2011', '2012', '2013', '2014', '2015', '2016', '2017', '2018', '2019', '2020', '2021']","[1, 2, 1, 1, 2, 1, 3, 2, 4, 5, 15, 12, 19, 15, 13, 18, 12, 27, 15, 14, 11, 15, 19, 17, 29, 17, 27, 23, 34, 30, 49, 51, 3]",507,"[1959, 3978, 1990, 1991, 3986, 1994, 5985, 3992, 7988, 9990, 29985, 24000, 38019, 30030, 26039, 36072, 24060, 54162, 30105, 28112, 22099, 30150, 38209, 34204, 58377, 34238, 54405, 46368, 68578, 60540, 98931, 103020, 6063]",1019619,2011.0828402366865
46,Q180913,"['1950', '1952', '1953', '1954', '1961', '1962', '1964', '1967', '1971', '1976', '1977', '1978', '1979', '1980', '1981', '1982', '1983', '1984', '1985', '1986', '1987', '1988', '1989', '1990', '1991', '1992', '1993', '1994', '1995', '1996', '1997', '1998', '1999', '2000', '2001', '2002', '2003', '2004', '2005', '2006', '2007', '2008', '2009', '2010', '2011', '2012', '2013', '2014', '2015', '2016', '2017', '2018', '2019', '2020']","[2, 2, 1, 1, 1, 2, 1, 3, 2, 2, 1, 1, 1, 4, 5, 19, 47, 66, 96, 109, 111, 91, 121, 107, 108, 81, 111, 64, 74, 80, 95, 76, 80, 78, 95, 81, 86, 92, 89, 81, 85, 90, 61, 89, 94, 80, 95, 79, 91, 66, 102, 69, 73, 49]",3290,"[3900, 3904, 1953, 1954, 1961, 3924, 1964, 5901, 3942, 3952, 1977, 1978, 1979, 7920, 9905, 37658, 93201, 130944, 190560, 216474, 220557, 180908, 240669, 212930, 215028, 161352, 221223, 127616, 147630, 159680, 189715, 151848, 159920, 156000, 190095, 162162, 172258, 184368, 178445, 162486, 170595, 180720, 122549, 178890, 189034, 160960, 191235, 159106, 183365, 133056, 205734, 139242, 147387, 98980]",6581694,2000.5148936170212
47,Q41861,"['1860', '1863', '1865', '1870', '1872', '1875', '1876', '1877', '1878', '1879', '1881', '1882', '1884', '1885', '1886', '1887', '1888', '1891', '1893', '1894', '1895', '1896', '1897', '1899', '1900', '1901', '1902', '1903', '1904', '1905', '1906', '1908', '1909', '1910', '1911', '1912', '1913', '1914', '1915', '1916', '1918', '1919', '1920', '1921', '1922', '1923', '1924', '1925', '1926', '1927', '1928', '1929', '1930', '1931', '1932', '1933', '1934', '1935', '1936', '1937', '1938', '1939', '1940', '1941', '1942', '1943', '1944', '1945', '1946', '1947', '1948', '1949', '1950', '1951', '1952', '1953', '1954', '1955', '1956', '1957', '1958', '1959', '1960', '1961', '1962', '1963', '1964', '1965', '1966', '1967', '1968', '1969', '1970', '1971', '1972', '1973', '1974', '1975', '1976', '1977', '1978', '1979', '1980', '1981', '1982', '1983', '1984', '1985', '1986', '1987', '1988', '1989', '1990', '1991', '1992', '1993', '1994', '1995', '1996', '1997', '1998', '1999', '2000', '2001', '2002', '2003', '2004', '2005', '2006', '2007', '2008', '2009', '2010', '2011', '2012', '2013', '2014', '2015', '2016', '2017', '2018', '2019', '2020', '2021', '2022']","[1, 1, 0, 0, 1, 1, 1, 1, 2, 4, 1, 3, 1, 2, 1, 1, 1, 5, 5, 1, 3, 5, 6, 6, 10, 6, 5, 17, 7, 7, 6, 7, 6, 6, 6, 4, 9, 12, 3, 3, 3, 2, 3, 7, 6, 7, 2, 2, 4, 5, 9, 6, 6, 8, 8, 4, 9, 4, 7, 7, 11, 12, 6, 10, 10, 6, 3, 22, 62, 63, 88, 81, 168, 210, 244, 298, 292, 226, 244, 252, 199, 157, 158, 206, 213, 228, 229, 268, 340, 314, 350, 339, 324, 351, 405, 445, 463, 479, 571, 475, 501, 454, 628, 660, 688, 740, 776, 794, 825, 870, 914, 839, 859, 1002, 838, 815, 793, 845, 891, 878, 887, 980, 1039, 938, 880, 890, 988, 1239, 1261, 1391, 1629, 1731, 1801, 1995, 2134, 2205, 2224, 1949, 2205, 1614, 1894, 2099, 2031, 25, 1]",60738,"[1860, 1863, 0, 0, 1872, 1875, 1876, 1877, 3756, 7516, 1881, 5646, 1884, 3770, 1886, 1887, 1888, 9455, 9465, 1894, 5685, 9480, 11382, 11394, 19000, 11406, 9510, 32351, 13328, 13335, 11436, 13356, 11454, 11460, 11466, 7648, 17217, 22968, 5745, 5748, 5754, 3838, 5760, 13447, 11532, 13461, 3848, 3850, 7704, 9635, 17352, 11574, 11580, 15448, 15456, 7732, 17406, 7740, 13552, 13559, 21318, 23268, 11640, 19410, 19420, 11658, 5832, 42790, 120652, 122661, 171424, 157869, 327600, 409710, 476288, 581994, 570568, 441830, 477264, 493164, 389642, 307563, 309680, 403966, 417906, 447564, 449756, 526620, 668440, 617638, 688800, 667491, 638280, 691821, 798660, 877985, 913962, 946025, 1128296, 939075, 990978, 898466, 1243440, 1307460, 1363616, 1467420, 1539584, 1576090, 1638450, 1728690, 1817032, 1668771, 1709410, 1994982, 1669296, 1624295, 1581242, 1685775, 1778436, 1753366, 1772226, 1959020, 2078000, 1876938, 1761760, 1782670, 1979952, 2484195, 2529566, 2791737, 3271032, 3477579, 3620010, 4011945, 4293608, 4438665, 4479136, 3927235, 4445280, 3255438, 3822092, 4237881, 4102620, 50525, 2022]",121351209,1997.9454213177912
48,Q18554727,"['1957', '1958', '1959', '1962', '1963', '1964', '1965', '1966', '1967', '1968', '1969', '1970', '1971', '1972', '1973', '1974', '1975', '1976', '1977', '1978', '1979', '1980', '1981', '1982', '1983', '1984', '1985', '1986', '1987', '1988', '1989', '1990', '1991', '1992', '1993', '1994', '1995', '1996', '1997', '1998', '1999', '2000', '2001', '2002', '2003', '2004', '2005', '2006', '2007', '2008', '2009', '2010', '2011', '2012', '2013', '2014', '2015', '2016', '2017', '2018', '2019', '2020', '2021']","[1, 2, 1, 1, 3, 1, 6, 4, 2, 4, 4, 4, 9, 6, 8, 10, 5, 7, 8, 7, 11, 10, 14, 24, 25, 24, 36, 33, 46, 44, 45, 46, 65, 56, 58, 46, 58, 54, 57, 72, 71, 68, 76, 77, 72, 62, 74, 84, 80, 93, 70, 90, 119, 114, 113, 108, 125, 120, 142, 147, 151, 152, 3]",3128,"[1957, 3916, 1959, 1962, 5889, 1964, 11790, 7864, 3934, 7872, 7876, 7880, 17739, 11832, 15784, 19740, 9875, 13832, 15816, 13846, 21769, 19800, 27734, 47568, 49575, 47616, 71460, 65538, 91402, 87472, 89505, 91540, 129415, 111552, 115594, 91724, 115710, 107784, 113829, 143856, 141929, 136000, 152076, 154154, 144216, 124248, 148370, 168504, 160560, 186744, 140630, 180900, 239309, 229368, 227469, 217512, 251875, 241920, 286414, 296646, 304869, 307040, 6063]",6270586,2004.6630434782608
49,Q1464888,"['1964', '1969', '1971', '1974', '1977', '1980', '1983', '1984', '1986', '1989', '1990', '1993', '1996', '1999', '2003', '2004', '2005', '2006', '2009', '2010', '2011', '2012', '2013', '2014', '2015', '2016', '2017', '2018', '2019', '2020']","[1, 1, 1, 1, 1, 1, 1, 4, 1, 2, 1, 3, 1, 2, 3, 1, 2, 2, 2, 1, 1, 1, 3, 1, 2, 2, 2, 4, 2, 2]",52,"[1964, 1969, 1971, 1974, 1977, 1980, 1983, 7936, 1986, 3978, 1990, 5979, 1996, 3998, 6009, 2004, 4010, 4012, 4018, 2010, 2011, 2012, 6039, 2014, 4030, 4032, 4034, 8072, 4038, 4040]",104066,2001.2692307692307
50,Q1164401,"['2001', '2006', '2007', '2008', '2009', '2010', '2011', '2012', '2013', '2014', '2015', '2016', '2017', '2018', '2019', '2020']","[1, 1, 3, 3, 3, 1, 5, 5, 2, 2, 2, 2, 2, 6, 3, 10]",51,"[2001, 2006, 6021, 6024, 6027, 2010, 10055, 10060, 4026, 4028, 4030, 4032, 4034, 12108, 6057, 20200]",102719,2014.0980392156862
51,Q1477,"['1904', '1905', '1906', '1907', '1909', '1913', '1924', '1929', '1930', '1931', '1933', '1934', '1935', '1936', '1938', '1940', '1941', '1942', '1943', '1945', '1946', '1947', '1948', '1949', '1950', '1951', '1952', '1953', '1954', '1955', '1956', '1957', '1958', '1959', '1960', '1961', '1962', '1963', '1964', '1965', '1966', '1967', '1968', '1969', '1970', '1971', '1972', '1973', '1974', '1975', '1976', '1977', '1978', '1979', '1980', '1981', '1982', '1983', '1984', '1985', '1986', '1987', '1988', '1989', '1990', '1991', '1992', '1993', '1994', '1995', '1996', '1997', '1998', '1999', '2000', '2001', '2002', '2003', '2004', '2005', '2006', '2007', '2008', '2009', '2010', '2011', '2012', '2013', '2014', '2015', '2016', '2017', '2018', '2019', '2020', '2021']","[1, 1, 1, 1, 15, 0, 1, 1, 1, 2, 2, 1, 1, 2, 2, 2, 3, 1, 1, 4, 19, 15, 31, 39, 48, 73, 51, 62, 72, 46, 84, 67, 41, 22, 34, 43, 50, 62, 69, 72, 93, 108, 84, 86, 96, 81, 66, 64, 75, 58, 71, 63, 56, 47, 103, 122, 104, 104, 97, 102, 104, 108, 118, 109, 111, 98, 113, 138, 126, 185, 159, 139, 127, 137, 127, 153, 104, 118, 105, 143, 162, 211, 165, 153, 169, 211, 169, 178, 197, 141, 178, 91, 257, 330, 217, 4]",8078,"[1904, 1905, 1906, 1907, 28635, 0, 1924, 1929, 1930, 3862, 3866, 1934, 1935, 3872, 3876, 3880, 5823, 1942, 1943, 7780, 36974, 29205, 60388, 76011, 93600, 142423, 99552, 121086, 140688, 89930, 164304, 131119, 80278, 43098, 66640, 84323, 98100, 121706, 135516, 141480, 182838, 212436, 165312, 169334, 189120, 159651, 130152, 126272, 148050, 114550, 140296, 124551, 110768, 93013, 203940, 241682, 206128, 206232, 192448, 202470, 206544, 214596, 234584, 216801, 220890, 195118, 225096, 275034, 251244, 369075, 317364, 277583, 253746, 273863, 254000, 306153, 208208, 236354, 210420, 286715, 324972, 423477, 331320, 307377, 339690, 424321, 340028, 358314, 396758, 284115, 358848, 183547, 518626, 666270, 438340, 8084]",16095892,1992.5590492696213
53,Q3508705,"['1993', '2004', '2006', '2007', '2008', '2010', '2011', '2012', '2013', '2014', '2015', '2016', '2017', '2018', '2019', '2020']","[1, 1, 2, 1, 4, 2, 7, 3, 4, 4, 4, 4, 4, 5, 6, 4]",56,"[1993, 2004, 4012, 2007, 8032, 4020, 14077, 6036, 8052, 8056, 8060, 8064, 8068, 10090, 12114, 8080]",112765,2013.6607142857142
55,Q18553536,"['1898', '1900', '1913', '1924', '1934', '1957', '1958', '1959', '1960', '1961', '1963', '1964', '1965', '1966', '1967', '1968', '1969', '1970', '1971', '1972', '1973', '1974', '1975', '1976', '1977', '1978', '1979', '1980', '1981', '1982', '1983', '1984', '1985', '1986', '1987', '1988', '1989', '1990', '1991', '1992', '1993', '1994', '1995', '1996', '1997', '1998', '1999', '2000', '2001', '2002', '2003', '2004', '2005', '2006', '2007', '2008', '2009', '2010', '2011', '2012', '2013', '2014', '2015', '2016', '2017', '2018', '2019', '2020', '2021', '2022']","[1, 0, 0, 1, 1, 1, 1, 1, 2, 1, 3, 3, 5, 6, 3, 4, 6, 8, 10, 10, 10, 12, 29, 30, 25, 26, 31, 32, 32, 45, 42, 60, 57, 56, 79, 98, 79, 91, 128, 143, 170, 163, 150, 163, 170, 173, 210, 196, 162, 146, 162, 158, 197, 188, 220, 227, 220, 284, 276, 289, 293, 305, 310, 310, 318, 375, 459, 492, 9, 2]",7969,"[1898, 0, 0, 1924, 1934, 1957, 1958, 1959, 3920, 1961, 5889, 5892, 9825, 11796, 5901, 7872, 11814, 15760, 19710, 19720, 19730, 23688, 57275, 59280, 49425, 51428, 61349, 63360, 63392, 89190, 83286, 119040, 113145, 111216, 156973, 194824, 157131, 181090, 254848, 284856, 338810, 325022, 299250, 325348, 339490, 345654, 419790, 392000, 324162, 292292, 324486, 316632, 394985, 377128, 441540, 455816, 441980, 570840, 555036, 581468, 589809, 614270, 624650, 624960, 641406, 756750, 926721, 993840, 18189, 4044]",15982584,2005.5946793826076
56,Q945238,"['1799', '1800', '1803', '1804', '1809', '1820', '1826', '1829', '1840', '1841', '1842', '1847', '1849', '1853', '1854', '1855', '1856', '1857', '1858', '1861', '1862', '1863', '1864', '1865', '1866', '1867', '1868', '1869', '1870', '1871', '1872', '1873', '1874', '1875', '1876', '1877', '1878', '1879', '1880', '1881', '1882', '1883', '1884', '1885', '1886', '1887', '1888', '1889', '1890', '1891', '1892', '1893', '1894', '1895', '1896', '1897', '1898', '1899', '1900', '1901', '1902', '1903', '1904', '1905', '1906', '1907', '1908', '1909', '1910', '1911', '1912', '1913', '1914', '1915', '1916', '1917', '1918', '1919', '1920', '1921', '1922', '1923', '1924', '1925', '1926', '1927', '1928', '1929', '1930', '1931', '1932', '1933', '1934', '1935', '1936', '1937', '1938', '1939', '1940', '1941', '1942', '1943', '1944', '1945', '1946', '1947', '1948', '1949', '1950', '1951', '1952', '1953', '1954', '1955', '1956', '1957', '1958', '1959', '1960', '1961', '1962', '1963', '1964', '1965', '1966', '1967', '1968', '1969', '1970', '1971', '1972', '1973', '1974', '1975', '1976', '1977', '1978', '1979', '1980', '1981', '1982', '1983', '1984', '1985', '1986', '1987', '1988', '1989', '1990', '1991', '1992', '1993', '1994', '1995', '1996', '1997', '1998', '1999', '2000', '2001', '2002', '2003', '2004', '2005', '2006', '2007', '2008', '2009', '2010', '2011', '2012', '2013', '2014', '2015', '2016', '2017', '2018', '2019', '2020', '2021', '2022']","[1, 1, 1, 1, 1, 1, 1, 1, 3, 11, 5, 2, 2, 1, 2, 1, 1, 1, 3, 1, 2, 1, 4, 0, 14, 7, 3, 1, 7, 7, 6, 10, 14, 9, 8, 11, 12, 9, 3, 8, 4, 3, 5, 7, 7, 16, 12, 32, 31, 15, 8, 22, 13, 6, 21, 14, 15, 14, 27, 16, 17, 31, 17, 17, 17, 11, 27, 30, 31, 53, 57, 35, 34, 15, 40, 36, 14, 18, 21, 23, 19, 28, 40, 41, 52, 45, 32, 41, 43, 56, 55, 50, 60, 52, 55, 54, 62, 45, 39, 51, 45, 56, 53, 120, 387, 579, 494, 503, 831, 1011, 1198, 1278, 1146, 1285, 1295, 1187, 957, 946, 885, 922, 853, 818, 948, 968, 1055, 982, 1081, 1049, 1048, 1185, 1044, 1065, 1095, 1342, 1426, 1424, 1542, 1574, 1671, 1879, 1927, 1930, 2016, 2019, 2249, 2370, 2629, 2559, 2632, 2703, 2773, 2940, 2946, 2992, 2954, 2938, 3137, 3058, 3324, 3103, 3021, 3068, 3188, 3277, 3478, 3636, 3915, 3945, 4180, 4695, 4881, 4885, 5426, 5562, 5579, 5665, 6284, 7380, 8037, 189, 11]",184657,"[1799, 1800, 1803, 1804, 1809, 1820, 1826, 1829, 5520, 20251, 9210, 3694, 3698, 1853, 3708, 1855, 1856, 1857, 5574, 1861, 3724, 1863, 7456, 0, 26124, 13069, 5604, 1869, 13090, 13097, 11232, 18730, 26236, 16875, 15008, 20647, 22536, 16911, 5640, 15048, 7528, 5649, 9420, 13195, 13202, 30192, 22656, 60448, 58590, 28365, 15136, 41646, 24622, 11370, 39816, 26558, 28470, 26586, 51300, 30416, 32334, 58993, 32368, 32385, 32402, 20977, 51516, 57270, 59210, 101283, 108984, 66955, 65076, 28725, 76640, 69012, 26852, 34542, 40320, 44183, 36518, 53844, 76960, 78925, 100152, 86715, 61696, 79089, 82990, 108136, 106260, 96650, 116040, 100620, 106480, 104598, 120156, 87255, 75660, 98991, 87390, 108808, 103032, 233400, 753102, 1127313, 962312, 980347, 1620450, 1972461, 2338496, 2495934, 2239284, 2512175, 2533020, 2322959, 1873806, 1853214, 1734600, 1808042, 1673586, 1605734, 1861872, 1902120, 2074130, 1931594, 2127408, 2065481, 2064560, 2335635, 2058768, 2101245, 2161530, 2650450, 2817776, 2815248, 3050076, 3114946, 3308580, 3722299, 3819314, 3827190, 3999744, 4007715, 4466514, 4709190, 5226452, 5089851, 5237680, 5381673, 5523816, 5859420, 5874324, 5969040, 5896184, 5867186, 6267726, 6112942, 6648000, 6209103, 6048042, 6145204, 6388752, 6570385, 6976868, 7297452, 7861320, 7925505, 8401800, 9441645, 9820572, 9833505, 10927964, 11207430, 11247264, 11426305, 12681112, 14900220, 16234740, 381969, 22242]",368529656,1995.7524274736404
